pstate,precision_mode,lane_mask_pct,sparsity_mode,sparsity_scale_milli,util_pct,freq_MHz,volt_mV,dyn_mW,leak_mW,power_mW,tops_milli,eff_milli
0,0,100,0,1000,40,400,600,274,120,394,40,0
0,0,100,0,1000,60,400,600,431,120,551,60,0
0,0,100,0,1000,80,400,600,593,120,713,81,0
0,0,100,0,1000,100,400,600,756,120,876,102,0
0,0,100,1,750,40,400,600,256,120,363,30,0
0,0,100,1,750,60,400,600,431,120,551,45,0
0,0,100,1,750,80,400,600,593,120,713,60,0
0,0,100,1,750,100,400,600,756,120,876,76,0
0,0,100,2,500,40,400,600,256,120,363,20,0
0,0,100,2,500,60,400,600,431,120,551,30,0
0,0,100,2,500,80,400,600,593,120,713,40,0
0,0,100,2,500,100,400,600,756,120,876,51,0
0,0,75,0,1000,40,400,600,256,120,363,30,0
0,0,75,0,1000,60,400,600,431,120,551,45,0
0,0,75,0,1000,80,400,600,593,120,713,60,0
0,0,75,0,1000,100,400,600,756,120,876,76,0
0,0,75,1,750,40,400,600,256,120,363,22,0
0,0,75,1,750,60,400,600,431,120,551,33,0
0,0,75,1,750,80,400,600,593,120,713,45,0
0,0,75,1,750,100,400,600,756,120,876,57,0
0,0,75,2,500,40,400,600,256,120,363,15,0
0,0,75,2,500,60,400,600,431,120,551,22,0
0,0,75,2,500,80,400,600,593,120,713,30,0
0,0,75,2,500,100,400,600,756,120,876,38,0
0,0,50,0,1000,40,400,600,256,120,363,20,0
0,0,50,0,1000,60,400,600,431,120,551,30,0
0,0,50,0,1000,80,400,600,593,120,713,40,0
0,0,50,0,1000,100,400,600,756,120,876,51,0
0,0,50,1,750,40,400,600,256,120,363,14,0
0,0,50,1,750,60,400,600,431,120,551,22,0
0,0,50,1,750,80,400,600,593,120,713,30,0
0,0,50,1,750,100,400,600,756,120,876,38,0
0,0,50,2,500,40,400,600,256,120,363,9,0
0,0,50,2,500,60,400,600,431,120,551,15,0
0,0,50,2,500,80,400,600,593,120,713,20,0
0,0,50,2,500,100,400,600,756,120,876,25,0
0,1,100,0,1000,40,400,600,256,120,363,40,0
0,1,100,0,1000,60,400,600,431,120,551,60,0
0,1,100,0,1000,80,400,600,593,120,713,81,0
0,1,100,0,1000,100,400,600,756,120,876,102,0
0,1,100,1,750,40,400,600,256,120,363,30,0
0,1,100,1,750,60,400,600,431,120,551,45,0
0,1,100,1,750,80,400,600,593,120,713,60,0
0,1,100,1,750,100,400,600,756,120,876,76,0
0,1,100,2,500,40,400,600,256,120,363,20,0
0,1,100,2,500,60,400,600,431,120,551,30,0
0,1,100,2,500,80,400,600,593,120,713,40,0
0,1,100,2,500,100,400,600,756,120,876,51,0
0,1,75,0,1000,40,400,600,256,120,363,30,0
0,1,75,0,1000,60,400,600,431,120,551,45,0
0,1,75,0,1000,80,400,600,593,120,713,60,0
0,1,75,0,1000,100,400,600,756,120,1179,76,0
0,1,75,1,750,40,400,600,256,120,363,22,0
0,1,75,1,750,60,400,600,431,120,551,33,0
0,1,75,1,750,80,400,600,593,120,713,45,0
0,1,75,1,750,100,400,600,756,120,876,57,0
0,1,75,2,500,40,400,600,256,120,363,15,0
0,1,75,2,500,60,400,600,431,120,551,22,0
0,1,75,2,500,80,400,600,593,120,713,30,0
0,1,75,2,500,100,400,600,756,120,876,38,0
0,1,50,0,1000,40,400,600,256,120,363,20,0
0,1,50,0,1000,60,400,600,431,120,551,30,0
0,1,50,0,1000,80,400,600,593,120,713,40,0
0,1,50,0,1000,100,400,600,756,120,876,51,0
0,1,50,1,750,40,400,600,256,120,363,14,0
0,1,50,1,750,60,400,600,431,120,551,22,0
0,1,50,1,750,80,400,600,593,120,713,30,0
0,1,50,1,750,100,400,600,756,120,876,38,0
0,1,50,2,500,40,400,600,256,120,363,9,0
0,1,50,2,500,60,400,600,431,120,551,15,0
0,1,50,2,500,80,400,600,593,120,713,20,0
0,1,50,2,500,100,400,600,756,120,876,25,0
0,2,100,0,1000,40,400,600,256,120,363,40,0
0,2,100,0,1000,60,400,600,431,120,551,60,0
0,2,100,0,1000,80,400,600,593,120,713,81,0
0,2,100,0,1000,100,400,600,756,120,876,102,0
0,2,100,1,750,40,400,600,256,120,363,30,0
0,2,100,1,750,60,400,600,431,120,551,45,0
0,2,100,1,750,80,400,600,593,120,713,60,0
0,2,100,1,750,100,400,600,756,120,876,76,0
0,2,100,2,500,40,400,600,256,120,363,20,0
0,2,100,2,500,60,400,600,431,120,551,30,0
0,2,100,2,500,80,400,600,593,120,713,40,0
0,2,100,2,500,100,400,600,756,120,876,51,0
0,2,75,0,1000,40,400,600,256,120,363,30,0
0,2,75,0,1000,60,400,600,431,120,551,45,0
0,2,75,0,1000,80,400,600,593,120,713,60,0
0,2,75,0,1000,100,400,600,756,120,876,76,0
0,2,75,1,750,40,400,600,256,120,363,22,0
0,2,75,1,750,60,400,600,431,120,551,33,0
0,2,75,1,750,80,400,600,593,120,713,45,0
0,2,75,1,750,100,400,600,756,120,876,57,0
0,2,75,2,500,40,400,600,256,120,363,15,0
0,2,75,2,500,60,400,600,431,120,551,22,0
0,2,75,2,500,80,400,600,593,120,713,30,0
0,2,75,2,500,100,400,600,756,120,876,38,0
0,2,50,0,1000,40,400,600,256,120,363,20,0
0,2,50,0,1000,60,400,600,431,120,551,30,0
0,2,50,0,1000,80,400,600,593,120,713,40,0
0,2,50,0,1000,100,400,600,756,120,876,51,0
0,2,50,1,750,40,400,600,256,120,363,14,0
0,2,50,1,750,60,400,600,431,120,551,22,0
0,2,50,1,750,80,400,600,593,120,713,30,0
0,2,50,1,750,100,400,600,756,120,876,38,0
0,2,50,2,500,40,400,600,256,120,363,9,0
0,2,50,2,500,60,400,600,431,120,551,15,0
0,2,50,2,500,80,400,600,593,120,713,20,0
0,2,50,2,500,100,400,600,756,120,876,25,0
0,3,100,0,1000,40,400,600,256,120,363,40,0
0,3,100,0,1000,60,400,600,431,120,551,60,0
0,3,100,0,1000,80,400,600,593,120,713,81,0
0,3,100,0,1000,100,400,600,756,120,876,102,0
0,3,100,1,750,40,400,600,256,120,363,30,0
0,3,100,1,750,60,400,600,431,120,551,45,0
0,3,100,1,750,80,400,600,593,120,713,60,0
0,3,100,1,750,100,400,600,756,120,876,76,0
0,3,100,2,500,40,400,600,256,120,363,20,0
0,3,100,2,500,60,400,600,431,120,551,30,0
0,3,100,2,500,80,400,600,593,120,713,40,0
0,3,100,2,500,100,400,600,756,120,876,51,0
0,3,75,0,1000,40,400,600,256,120,363,30,0
0,3,75,0,1000,60,400,600,431,120,551,45,0
0,3,75,0,1000,80,400,600,593,120,713,60,0
0,3,75,0,1000,100,400,600,756,120,876,76,0
0,3,75,1,750,40,400,600,256,120,363,22,0
0,3,75,1,750,60,400,600,431,120,551,33,0
0,3,75,1,750,80,400,600,593,120,713,45,0
0,3,75,1,750,100,400,600,756,120,876,57,0
0,3,75,2,500,40,400,600,256,120,363,15,0
0,3,75,2,500,60,400,600,431,120,551,22,0
0,3,75,2,500,80,400,600,593,120,713,30,0
0,3,75,2,500,100,400,600,756,120,876,38,0
0,3,50,0,1000,40,400,600,256,120,363,20,0
0,3,50,0,1000,60,400,600,431,120,551,30,0
0,3,50,0,1000,80,400,600,593,120,713,40,0
0,3,50,0,1000,100,400,600,756,120,876,51,0
0,3,50,1,750,40,400,600,256,120,363,14,0
0,3,50,1,750,60,400,600,431,120,551,22,0
0,3,50,1,750,80,400,600,593,120,713,30,0
0,3,50,1,750,100,400,600,756,120,876,38,0
0,3,50,2,500,40,400,600,256,120,363,9,0
0,3,50,2,500,60,400,600,431,120,551,15,0
0,3,50,2,500,80,400,600,593,120,713,20,0
0,3,50,2,500,100,400,600,756,120,876,25,0
1,0,100,0,1000,40,600,650,352,140,474,61,0
1,0,100,0,1000,60,600,650,592,140,732,91,0
1,0,100,0,1000,80,600,650,816,140,956,122,0
1,0,100,0,1000,100,600,650,1039,140,1179,153,0
1,0,100,1,750,40,600,650,352,140,474,45,0
1,0,100,1,750,60,600,650,592,140,732,68,0
1,0,100,1,750,80,600,650,816,140,956,91,0
1,0,100,1,750,100,600,650,1039,140,1179,115,0
1,0,100,2,500,40,600,650,352,140,474,30,0
1,0,100,2,500,60,600,650,592,140,732,45,0
1,0,100,2,500,80,600,650,816,140,956,61,0
1,0,100,2,500,100,600,650,1039,140,1179,76,0
1,0,75,0,1000,40,600,650,352,140,474,45,0
1,0,75,0,1000,60,600,650,592,140,732,68,0
1,0,75,0,1000,80,600,650,816,140,956,91,0
1,0,75,0,1000,100,600,650,1039,140,1179,115,0
1,0,75,1,750,40,600,650,352,140,474,33,0
1,0,75,1,750,60,600,650,592,140,732,50,0
1,0,75,1,750,80,600,650,816,140,956,68,0
1,0,75,1,750,100,600,650,1039,140,1179,86,0
1,0,75,2,500,40,600,650,352,140,474,22,0
1,0,75,2,500,60,600,650,592,140,732,33,0
1,0,75,2,500,80,600,650,816,140,956,45,0
1,0,75,2,500,100,600,650,1039,140,1179,57,0
1,0,50,0,1000,40,600,650,352,140,474,30,0
1,0,50,0,1000,60,600,650,592,140,732,45,0
1,0,50,0,1000,80,600,650,816,140,956,61,0
1,0,50,0,1000,100,600,650,1039,140,1179,76,0
1,0,50,1,750,40,600,650,352,140,474,21,0
1,0,50,1,750,60,600,650,592,140,732,33,0
1,0,50,1,750,80,600,650,816,140,956,45,0
1,0,50,1,750,100,600,650,1039,140,1179,57,0
1,0,50,2,500,40,600,650,352,140,474,14,0
1,0,50,2,500,60,600,650,592,140,732,22,0
1,0,50,2,500,80,600,650,816,140,956,30,0
1,0,50,2,500,100,600,650,1039,140,1179,38,0
1,1,100,0,1000,40,600,650,352,140,474,61,0
1,1,100,0,1000,60,600,650,592,140,732,91,0
1,1,100,0,1000,80,600,650,816,140,956,122,0
1,1,100,0,1000,100,600,650,1039,140,1179,153,0
1,1,100,1,750,40,600,650,352,140,474,45,0
1,1,100,1,750,60,600,650,592,140,732,68,0
1,1,100,1,750,80,600,650,816,140,956,91,0
1,1,100,1,750,100,600,650,1039,140,1179,115,0
1,1,100,2,500,40,600,650,352,140,474,30,0
1,1,100,2,500,60,600,650,592,140,732,45,0
1,1,100,2,500,80,600,650,816,140,956,61,0
1,1,100,2,500,100,600,650,1039,140,1179,76,0
1,1,75,0,1000,40,600,650,352,140,474,45,0
1,1,75,0,1000,60,600,650,592,140,732,68,0
1,1,75,0,1000,80,600,650,816,140,956,91,0
1,1,75,0,1000,100,600,650,1039,140,1179,115,0
1,1,75,1,750,40,600,650,352,140,474,33,0
1,1,75,1,750,60,600,650,592,140,732,50,0
1,1,75,1,750,80,600,650,816,140,956,68,0
1,1,75,1,750,100,600,650,1039,140,1179,86,0
1,1,75,2,500,40,600,650,352,140,474,22,0
1,1,75,2,500,60,600,650,592,140,732,33,0
1,1,75,2,500,80,600,650,816,140,956,45,0
1,1,75,2,500,100,600,650,1039,140,1179,57,0
1,1,50,0,1000,40,600,650,352,140,474,30,0
1,1,50,0,1000,60,600,650,592,140,732,45,0
1,1,50,0,1000,80,600,650,816,140,956,61,0
1,1,50,0,1000,100,600,650,1039,140,1179,76,0
1,1,50,1,750,40,600,650,352,140,474,21,0
1,1,50,1,750,60,600,650,592,140,732,33,0
1,1,50,1,750,80,600,650,816,140,956,45,0
1,1,50,1,750,100,600,650,1039,140,1179,57,0
1,1,50,2,500,40,600,650,352,140,474,14,0
1,1,50,2,500,60,600,650,592,140,732,22,0
1,1,50,2,500,80,600,600,816,140,956,30,0
1,1,50,2,500,100,600,650,1039,140,1179,38,0
1,2,100,0,1000,40,600,650,352,140,474,61,0
1,2,100,0,1000,60,600,650,592,140,732,91,0
1,2,100,0,1000,80,600,650,816,140,956,122,0
1,2,100,0,1000,100,600,650,1039,140,1179,153,0
1,2,100,1,750,40,600,650,352,140,474,45,0
1,2,100,1,750,60,600,650,592,140,732,68,0
1,2,100,1,750,80,600,650,816,140,956,91,0
1,2,100,1,750,100,600,650,1039,140,1179,115,0
1,2,100,2,500,40,600,650,352,140,474,30,0
1,2,100,2,500,60,600,650,592,140,732,45,0
1,2,100,2,500,80,600,650,816,140,956,61,0
1,2,100,2,500,100,600,650,1370,165,1179,102,0
1,2,75,0,1000,40,600,650,352,140,474,45,0
1,2,75,0,1000,60,600,650,592,140,732,68,0
1,2,75,0,1000,80,600,650,816,140,956,91,0
1,2,75,0,1000,100,600,650,1039,140,1179,115,0
1,2,75,1,750,40,600,650,352,140,474,33,0
1,2,75,1,750,60,600,650,592,140,732,50,0
1,2,75,1,750,80,600,650,816,140,956,68,0
1,2,75,1,750,100,600,650,1039,140,1179,86,0
1,2,75,2,500,40,600,650,352,140,474,22,0
1,2,75,2,500,60,600,650,592,140,732,33,0
1,2,75,2,500,80,600,650,816,140,956,45,0
1,2,75,2,500,100,600,650,1039,140,1179,57,0
1,2,50,0,1000,40,600,650,352,140,474,30,0
1,2,50,0,1000,60,600,650,592,140,732,45,0
1,2,50,0,1000,80,600,650,816,140,956,61,0
1,2,50,0,1000,100,600,650,1039,140,1179,76,0
1,2,50,1,750,40,600,650,352,140,474,21,0
1,2,50,1,750,60,600,650,592,140,732,33,0
1,2,50,1,750,80,600,650,816,140,956,45,0
1,2,50,1,750,100,600,650,1039,140,1179,57,0
1,2,50,2,500,40,600,650,352,140,474,14,0
1,2,50,2,500,60,600,650,592,140,732,22,0
1,2,50,2,500,80,600,650,816,140,956,30,0
1,2,50,2,500,100,600,650,1039,140,1179,38,0
1,3,100,0,1000,40,600,650,352,140,474,61,0
1,3,100,0,1000,60,600,650,592,140,732,91,0
1,3,100,0,1000,80,600,650,816,140,956,122,0
1,3,100,0,1000,100,600,650,1039,140,1179,153,0
1,3,100,1,750,40,600,650,352,140,474,45,0
1,3,100,1,750,60,600,650,592,140,732,68,0
1,3,100,1,750,80,600,650,816,140,956,91,0
1,3,100,1,750,100,600,650,1039,140,1179,115,0
1,3,100,2,500,40,600,650,352,140,474,30,0
1,3,100,2,500,60,600,650,592,140,732,45,0
1,3,100,2,500,80,600,650,816,140,956,61,0
1,3,100,2,500,100,600,650,1039,140,1179,76,0
1,3,75,0,1000,40,600,650,352,140,474,45,0
1,3,75,0,1000,60,600,650,592,140,732,68,0
1,3,75,0,1000,80,600,650,816,140,956,91,0
1,3,75,0,1000,100,600,650,1039,140,1179,115,0
1,3,75,1,750,40,600,650,352,140,474,33,0
1,3,75,1,750,60,600,650,592,140,732,50,0
1,3,75,1,750,80,600,650,816,140,956,68,0
1,3,75,1,750,100,600,650,1039,140,1179,86,0
1,3,75,2,500,40,600,650,352,140,474,22,0
1,3,75,2,500,60,600,650,592,140,732,33,0
1,3,75,2,500,80,600,650,816,140,956,45,0
1,3,75,2,500,100,600,650,1039,140,1179,57,0
1,3,50,0,1000,40,600,650,352,140,474,30,0
1,3,50,0,1000,60,600,650,592,140,732,45,0
1,3,50,0,1000,80,600,650,816,140,956,61,0
1,3,50,0,1000,100,600,650,1039,140,1179,76,0
1,3,50,1,750,40,600,650,352,140,474,21,0
1,3,50,1,750,60,600,650,592,140,732,33,0
1,3,50,1,750,80,600,650,816,140,956,45,0
1,3,50,1,750,100,600,650,1039,140,1179,57,0
1,3,50,2,500,40,600,650,352,140,474,14,0
1,3,50,2,500,60,600,650,592,140,732,22,0
1,3,50,2,500,80,600,650,816,140,956,30,0
1,3,50,2,500,100,600,650,1039,140,1179,38,0
2,0,100,0,1000,40,800,700,464,165,605,81,0
2,0,100,0,1000,60,800,700,781,165,946,121,0
2,0,100,0,1000,80,800,700,1075,165,1240,163,0
2,0,100,0,1000,100,800,700,1370,165,1535,204,0
2,0,100,1,750,40,800,700,464,165,605,60,0
2,0,100,1,750,60,800,700,781,165,946,91,0
2,0,100,1,750,80,800,700,1075,165,1240,121,0
2,0,100,1,750,100,800,700,1370,165,1535,153,0
2,0,100,2,500,40,800,700,464,165,605,40,0
2,0,100,2,500,60,800,700,781,165,946,60,0
2,0,100,2,500,80,800,700,1075,165,1240,81,0
2,0,100,2,500,100,800,700,1370,165,1535,102,0
2,0,75,0,1000,40,800,700,464,165,605,60,0
2,0,75,0,1000,60,800,700,781,165,946,91,0
2,0,75,0,1000,80,800,700,1075,165,1240,121,0
2,0,75,0,1000,100,800,700,1370,165,1535,153,0
2,0,75,1,750,40,800,700,464,165,605,44,0
2,0,75,1,750,60,800,700,781,165,946,67,0
2,0,75,1,750,80,800,700,1075,165,1240,91,0
2,0,75,1,750,100,800,700,1370,165,1535,115,0
2,0,75,2,500,40,800,700,464,165,605,30,0
2,0,75,2,500,60,800,700,781,165,946,44,0
2,0,75,2,500,80,800,700,1075,165,1240,60,0
2,0,75,2,500,100,800,700,1370,165,1535,76,0
2,0,50,0,1000,40,800,700,464,165,605,40,0
2,0,50,0,1000,60,800,700,781,165,946,60,0
2,0,50,0,1000,80,800,700,1075,165,1240,81,0
2,0,50,0,1000,100,1000,650,1370,165,1535,102,0
2,0,50,1,750,40,800,700,464,165,605,28,0
2,0,50,1,750,60,800,700,781,165,946,44,0
2,0,50,1,750,80,800,700,1075,165,1240,60,0
2,0,50,1,750,100,800,700,1370,165,1535,76,0
2,0,50,2,500,40,800,700,464,165,605,19,0
2,0,50,2,500,60,800,700,781,165,946,30,0
2,0,50,2,500,80,800,700,1075,165,1240,40,0
2,0,50,2,500,100,800,700,1370,165,1535,51,0
2,1,100,0,1000,40,800,700,464,165,605,81,0
2,1,100,0,1000,60,800,700,781,165,946,121,0
2,1,100,0,1000,80,800,700,1075,165,1240,163,0
2,1,100,0,1000,100,800,700,1370,165,1535,204,0
2,1,100,1,750,40,800,700,464,165,605,60,0
2,1,100,1,750,60,800,700,781,165,946,91,0
2,1,100,1,750,80,800,700,1075,165,1240,121,0
2,1,100,1,750,100,800,700,1370,165,1535,153,0
2,1,100,2,500,40,800,700,464,165,605,40,0
2,1,100,2,500,60,800,700,781,165,946,60,0
2,1,100,2,500,80,800,700,1075,165,1240,81,0
2,1,100,2,500,100,800,700,1370,165,1535,102,0
2,1,75,0,1000,40,800,700,464,165,605,60,0
2,1,75,0,1000,60,800,700,781,165,946,91,0
2,1,75,0,1000,80,800,700,1075,165,1240,121,0
2,1,75,0,1000,100,800,700,1370,165,1535,153,0
2,1,75,1,750,40,800,700,464,165,605,44,0
2,1,75,1,750,60,800,700,781,165,946,67,0
2,1,75,1,750,80,800,700,1075,165,1240,91,0
2,1,75,1,750,100,800,700,1370,165,1535,115,0
2,1,75,2,500,40,800,700,464,165,605,30,0
2,1,75,2,500,60,800,700,781,165,946,44,0
2,1,75,2,500,80,800,700,1075,165,1240,60,0
2,1,75,2,500,100,800,700,1370,165,1535,76,0
2,1,50,0,1000,40,800,700,464,165,605,40,0
2,1,50,0,1000,60,800,700,781,165,946,60,0
2,1,50,0,1000,80,800,700,1075,165,1240,81,0
2,1,50,0,1000,100,800,700,1370,165,1535,102,0
2,1,50,1,750,40,800,700,464,165,605,28,0
2,1,50,1,750,60,800,700,781,165,946,44,0
2,1,50,1,750,80,800,700,1075,165,1240,60,0
2,1,50,1,750,100,800,700,1370,165,1535,76,0
2,1,50,2,500,40,800,700,464,165,605,19,0
2,1,50,2,500,60,800,700,781,165,946,30,0
2,1,50,2,500,80,800,700,1075,165,1240,40,0
2,1,50,2,500,100,800,700,1370,165,1535,51,0
2,2,100,0,1000,40,800,700,464,165,605,81,0
2,2,100,0,1000,60,800,700,781,165,946,121,0
2,2,100,0,1000,80,800,700,1075,165,1240,163,0
2,2,100,0,1000,100,800,700,1370,165,1535,204,0
2,2,100,1,750,40,800,700,464,165,605,60,0
2,2,100,1,750,60,800,700,781,165,946,91,0
2,2,100,1,750,80,800,700,1075,165,1240,121,0
2,2,100,1,750,100,800,700,1370,165,1535,153,0
2,2,100,2,500,40,800,700,464,165,605,40,0
2,2,100,2,500,60,800,700,781,165,946,60,0
2,2,100,2,500,80,800,700,1075,165,1240,81,0
2,2,100,2,500,100,800,700,1370,165,1535,102,0
2,2,75,0,1000,40,800,700,464,165,605,60,0
2,2,75,0,1000,60,800,700,781,165,946,91,0
2,2,75,0,1000,80,800,700,1075,165,1240,121,0
2,2,75,0,1000,100,800,700,1370,165,1535,153,0
2,2,75,1,750,40,800,700,464,165,605,44,0
2,2,75,1,750,60,800,700,781,165,946,67,0
2,2,75,1,750,80,800,700,1075,165,1240,91,0
2,2,75,1,750,100,800,700,1370,165,1535,115,0
2,2,75,2,500,40,800,700,464,165,605,30,0
2,2,75,2,500,60,800,700,781,165,946,44,0
2,2,75,2,500,80,800,700,1075,165,1240,60,0
2,2,75,2,500,100,800,700,1370,165,1535,76,0
2,2,50,0,1000,40,800,700,464,165,605,40,0
2,2,50,0,1000,60,800,700,781,165,946,60,0
2,2,50,0,1000,80,800,700,1075,165,1240,81,0
2,2,50,0,1000,100,800,700,1370,165,1535,102,0
2,2,50,1,750,40,800,700,464,165,605,28,0
2,2,50,1,750,60,800,700,781,165,946,44,0
2,2,50,1,750,80,800,700,1075,165,1240,60,0
2,2,50,1,750,100,800,700,1370,165,1535,76,0
2,2,50,2,500,40,800,700,464,165,605,19,0
2,2,50,2,500,60,800,700,781,165,946,30,0
2,2,50,2,500,80,800,700,1075,165,1240,40,0
2,2,50,2,500,100,800,700,1370,165,1535,51,0
2,3,100,0,1000,40,800,700,464,165,605,81,0
2,3,100,0,1000,60,800,700,781,165,946,121,0
2,3,100,0,1000,80,800,700,1075,165,1240,163,0
2,3,100,0,1000,100,800,700,1370,165,1535,204,0
2,3,100,1,750,40,800,700,464,165,605,60,0
2,3,100,1,750,60,800,700,781,165,946,91,0
2,3,100,1,750,80,800,700,1075,165,1240,121,0
2,3,100,1,750,100,800,700,1370,165,1535,153,0
2,3,100,2,500,40,800,700,464,165,605,40,0
2,3,100,2,500,60,800,700,781,165,946,60,0
2,3,100,2,500,80,800,700,1075,165,1240,81,0
2,3,100,2,500,100,800,700,1370,165,1535,102,0
2,3,75,0,1000,40,800,700,464,165,605,60,0
2,3,75,0,1000,60,800,700,781,165,946,91,0
2,3,75,0,1000,80,800,700,1075,165,1240,121,0
2,3,75,0,1000,100,800,700,1370,165,1535,153,0
2,3,75,1,750,40,800,700,464,165,605,44,0
2,3,75,1,750,60,800,700,781,165,946,67,0
2,3,75,1,750,80,800,700,1075,165,1240,91,0
2,3,75,1,750,100,800,700,1370,165,1535,115,0
2,3,75,2,500,40,800,650,464,165,605,30,0
2,3,75,2,500,60,800,700,781,165,946,44,0
2,3,75,2,500,80,800,700,1075,165,1240,60,0
2,3,75,2,500,100,800,700,1370,165,1535,76,0
2,3,50,0,1000,40,800,700,464,165,605,40,0
2,3,50,0,1000,60,800,700,781,165,946,60,0
2,3,50,0,1000,80,800,700,1075,165,1240,81,0
2,3,50,0,1000,100,800,700,1370,165,1535,102,0
2,3,50,1,750,40,800,700,464,165,605,28,0
2,3,50,1,750,60,800,700,781,165,946,44,0
2,3,50,1,750,80,800,700,1075,165,1240,60,0
2,3,50,1,750,100,800,700,1370,165,1535,76,0
2,3,50,2,500,40,800,700,464,165,605,19,0
2,3,50,2,500,60,800,700,781,165,946,30,0
2,3,50,2,500,80,800,700,1075,165,1240,40,0
2,3,50,2,500,100,800,700,1370,165,1535,51,0
3,0,100,0,1000,40,1000,750,592,190,752,102,0
3,0,100,0,1000,60,1000,750,997,190,1187,152,0
3,0,100,0,1000,80,1000,750,1372,190,1562,204,0
3,0,100,0,1000,100,1000,750,1748,190,1938,256,0
3,0,100,1,750,40,1000,750,592,190,752,76,0
3,0,100,1,750,60,1000,750,997,190,1187,114,0
3,0,100,1,750,80,1000,750,1372,190,1562,152,0
3,0,100,1,750,100,1000,750,1748,190,1938,192,0
3,0,100,2,500,40,1000,750,592,190,752,50,0
3,0,100,2,500,60,1000,750,997,190,1187,76,0
3,0,100,2,500,80,1000,750,1372,190,1562,102,0
3,0,100,2,500,100,1000,750,1748,190,1938,128,0
3,0,75,0,1000,40,1000,750,592,190,752,76,0
3,0,75,0,1000,60,1000,750,997,190,1187,114,0
3,0,75,0,1000,80,1000,750,1372,190,1562,152,0
3,0,75,0,1000,100,1000,750,1748,190,1938,192,0
3,0,75,1,750,40,1000,750,592,190,752,56,0
3,0,75,1,750,60,1000,750,997,190,1187,84,0
3,0,75,1,750,80,1000,750,1372,190,1562,114,0
3,0,75,1,750,100,1000,750,1748,190,1938,144,0
3,0,75,2,500,40,1000,750,592,190,752,38,0
3,0,75,2,500,60,1000,750,997,190,1187,56,0
3,0,75,2,500,80,1000,750,1372,190,1562,76,0
3,0,75,2,500,100,1000,750,1748,190,2388,96,0
3,0,50,0,1000,40,1000,750,592,190,752,50,0
3,0,50,0,1000,60,1000,750,997,190,1187,76,0
3,0,50,0,1000,80,1000,750,1372,190,1562,102,0
3,0,50,0,1000,100,1000,750,1748,190,1938,128,0
3,0,50,1,750,40,1000,750,592,190,752,36,0
3,0,50,1,750,60,1000,750,997,190,1187,56,0
3,0,50,1,750,80,1000,750,1372,190,1562,76,0
3,0,50,1,750,100,1000,750,1748,190,1938,96,0
3,0,50,2,500,40,1000,750,592,190,752,24,0
3,0,50,2,500,60,1000,750,997,190,1187,38,0
3,0,50,2,500,80,1000,750,1372,190,1562,50,0
3,0,50,2,500,100,1000,750,1748,190,1938,64,0
3,1,100,0,1000,40,1000,750,592,190,752,102,0
3,1,100,0,1000,60,1000,750,997,190,1187,152,0
3,1,100,0,1000,80,1000,750,1372,190,1562,204,0
3,1,100,0,1000,100,1000,750,1748,190,1938,256,0
3,1,100,1,750,40,1000,750,592,190,752,76,0
3,1,100,1,750,60,1000,750,997,190,1187,114,0
3,1,100,1,750,80,1000,750,1372,190,1562,152,0
3,1,100,1,750,100,1000,750,1748,190,1938,192,0
3,1,100,2,500,40,1000,750,592,190,752,50,0
3,1,100,2,500,60,1000,750,997,190,1187,76,0
3,1,100,2,500,80,1000,750,1372,190,1562,102,0
3,1,100,2,500,100,1000,750,1748,190,1938,128,0
3,1,75,0,1000,40,1000,750,592,190,752,76,0
3,1,75,0,1000,60,1000,750,997,190,1187,114,0
3,1,75,0,1000,80,1000,750,1372,190,1562,152,0
3,1,75,0,1000,100,1000,750,1748,190,1938,192,0
3,1,75,1,750,40,1000,750,592,190,752,56,0
3,1,75,1,750,60,1000,750,997,190,1187,84,0
3,1,75,1,750,80,1000,750,1372,190,1562,114,0
3,1,75,1,750,100,1000,750,1748,190,1938,144,0
3,1,75,2,500,40,1000,750,592,190,752,38,0
3,1,75,2,500,60,1000,750,997,190,1187,56,0
3,1,75,2,500,80,1000,750,1372,190,1562,76,0
3,1,75,2,500,100,1000,750,1748,190,1938,96,0
3,1,50,0,1000,40,1000,750,592,190,752,50,0
3,1,50,0,1000,60,1000,750,997,190,1187,76,0
3,1,50,0,1000,80,1000,750,1372,190,1562,102,0
3,1,50,0,1000,100,1000,750,1748,190,1938,128,0
3,1,50,1,750,40,1000,750,592,190,752,36,0
3,1,50,1,750,60,1000,750,997,190,1187,56,0
3,1,50,1,750,80,1000,750,1372,190,1562,76,0
3,1,50,1,750,100,1000,750,1748,190,1938,96,0
3,1,50,2,500,40,1000,750,592,190,752,24,0
3,1,50,2,500,60,1000,750,997,190,1187,38,0
3,1,50,2,500,80,1000,750,1372,190,1562,50,0
3,1,50,2,500,100,1000,750,1748,190,1938,64,0
3,2,100,0,1000,40,1000,750,592,190,752,102,0
3,2,100,0,1000,60,1000,750,997,190,1187,152,0
3,2,100,0,1000,80,1000,750,1372,190,1562,204,0
3,2,100,0,1000,100,1000,750,1748,190,1938,256,0
3,2,100,1,750,40,1000,750,592,190,752,76,0
3,2,100,1,750,60,1000,750,997,190,1187,114,0
3,2,100,1,750,80,1000,750,1372,190,1562,152,0
3,2,100,1,750,100,1000,750,1748,190,1938,192,0
3,2,100,2,500,40,1000,750,592,190,752,50,0
3,2,100,2,500,60,1000,750,997,190,1187,76,0
3,2,100,2,500,80,1000,750,1372,190,1562,102,0
3,2,100,2,500,100,1000,750,1748,190,1938,128,0
3,2,75,0,1000,40,1000,750,592,190,752,76,0
3,2,75,0,1000,60,1000,700,997,190,1187,114,0
3,2,75,0,1000,80,1000,750,1372,190,1562,152,0
3,2,75,0,1000,100,1000,750,1748,190,1938,192,0
3,2,75,1,750,40,1000,750,592,190,752,56,0
3,2,75,1,750,60,1000,750,997,190,1187,84,0
3,2,75,1,750,80,1000,750,1372,190,1562,114,0
3,2,75,1,750,100,1000,750,1748,190,1938,144,0
3,2,75,2,500,40,1000,750,592,190,752,38,0
3,2,75,2,500,60,1000,750,997,190,1187,56,0
3,2,75,2,500,80,1000,750,1372,190,1562,76,0
3,2,75,2,500,100,1000,750,1748,190,1938,96,0
3,2,50,0,1000,40,1000,750,592,190,752,50,0
3,2,50,0,1000,60,1000,750,997,190,1187,76,0
3,2,50,0,1000,80,1000,750,1372,190,1562,102,0
3,2,50,0,1000,100,1000,750,1748,190,1938,128,0
3,2,50,1,750,40,1000,750,592,190,752,36,0
3,2,50,1,750,60,1000,750,997,190,1187,56,0
3,2,50,1,750,80,1000,750,1372,190,1562,76,0
3,2,50,1,750,100,1000,750,1748,190,1938,96,0
3,2,50,2,500,40,1000,750,592,190,752,24,0
3,2,50,2,500,60,1000,750,997,190,1187,38,0
3,2,50,2,500,80,1000,750,1372,190,1562,50,0
3,2,50,2,500,100,1000,750,1748,190,1938,64,0
3,3,100,0,1000,40,1000,750,592,190,752,102,0
3,3,100,0,1000,60,1000,750,997,190,1187,152,0
3,3,100,0,1000,80,1000,750,1372,190,1562,204,0
3,3,100,0,1000,100,1000,750,1748,190,1938,256,0
3,3,100,1,750,40,1000,750,592,190,752,76,0
3,3,100,1,750,60,1000,750,997,190,1187,114,0
3,3,100,1,750,80,1000,750,1372,190,1562,152,0
3,3,100,1,750,100,1000,750,1748,190,1938,192,0
3,3,100,2,500,40,1000,750,592,190,752,50,0
3,3,100,2,500,60,1000,750,997,190,1187,76,0
3,3,100,2,500,80,1000,750,1372,190,1562,102,0
3,3,100,2,500,100,1000,750,1748,190,1938,128,0
3,3,75,0,1000,40,1000,750,592,190,752,76,0
3,3,75,0,1000,60,1000,750,997,190,1187,114,0
3,3,75,0,1000,80,1000,750,1372,190,1562,152,0
3,3,75,0,1000,100,1000,750,1748,190,1938,192,0
3,3,75,1,750,40,1000,750,592,190,752,56,0
3,3,75,1,750,60,1000,750,997,190,1187,84,0
3,3,75,1,750,80,1000,750,1372,190,1562,114,0
3,3,75,1,750,100,1000,750,1748,190,1938,144,0
3,3,75,2,500,40,1000,750,592,190,752,38,0
3,3,75,2,500,60,1000,750,997,190,1187,56,0
3,3,75,2,500,80,1000,750,1372,190,1562,76,0
3,3,75,2,500,100,1000,750,1748,190,1938,96,0
3,3,50,0,1000,40,1000,750,592,190,752,50,0
3,3,50,0,1000,60,1000,750,997,190,1187,76,0
3,3,50,0,1000,80,1000,750,1372,190,1562,102,0
3,3,50,0,1000,100,1000,750,1748,190,1938,128,0
3,3,50,1,750,40,1000,750,592,190,752,36,0
3,3,50,1,750,60,1000,750,997,190,1187,56,0
3,3,50,1,750,80,1000,750,1372,190,1562,76,0
3,3,50,1,750,100,1000,750,1748,190,1938,96,0
3,3,50,2,500,40,1000,750,592,190,752,24,0
3,3,50,2,500,60,1000,750,997,190,1187,38,0
3,3,50,2,500,80,1000,750,1372,190,1562,50,0
3,3,50,2,500,100,1000,750,1748,190,1938,64,0
4,0,100,0,1000,40,1200,800,736,215,914,122,0
4,0,100,0,1000,60,1200,800,1239,215,1454,182,0
4,0,100,0,1000,80,1200,800,1706,215,1921,244,0
4,0,100,0,1000,100,1200,800,2173,215,2388,307,0
4,0,100,1,750,40,1200,800,736,215,914,91,0
4,0,100,1,750,60,1200,800,1239,215,1454,136,0
4,0,100,1,750,80,1200,800,1706,215,1921,182,0
4,0,100,1,750,100,1200,800,2173,215,2388,230,0
4,0,100,2,500,40,1200,800,736,215,914,60,0
4,0,100,2,500,60,1200,800,1239,215,1454,91,0
4,0,100,2,500,80,1200,800,1706,215,1921,122,0
4,0,100,2,500,100,1200,800,2173,215,2388,153,0
4,0,75,0,1000,40,1200,800,736,215,914,91,0
4,0,75,0,1000,60,1200,800,1239,215,1454,136,0
4,0,75,0,1000,80,1200,800,1706,215,1921,182,0
4,0,75,0,1000,100,1200,800,2173,215,2388,230,0
4,0,75,1,750,40,1200,800,736,215,914,67,0
4,0,75,1,750,60,1200,800,1239,215,1454,100,0
4,0,75,1,750,80,1200,800,1706,215,1921,136,0
4,0,75,1,750,100,1200,800,2173,215,2388,172,0
4,0,75,2,500,40,1200,800,736,215,914,45,0
4,0,75,2,500,60,1200,800,1239,215,1454,67,0
4,0,75,2,500,80,1200,800,1706,215,1921,91,0
4,0,75,2,500,100,1200,800,2173,215,2388,115,0
4,0,50,0,1000,40,1200,800,736,215,914,60,0
4,0,50,0,1000,60,1200,800,1239,215,1454,91,0
4,0,50,0,1000,80,1200,800,1706,215,1921,122,0
4,0,50,0,1000,100,1200,800,2173,215,2388,153,0
4,0,50,1,750,40,1200,800,736,215,914,43,0
4,0,50,1,750,60,1200,800,1239,215,1454,67,0
4,0,50,1,750,80,1200,800,1706,215,1921,91,0
4,0,50,1,750,100,1200,800,2173,215,2388,115,0
4,0,50,2,500,40,1200,800,736,215,914,28,0
4,0,50,2,500,60,1200,800,1239,215,1454,45,0
4,0,50,2,500,80,1200,800,1706,215,1921,60,0
4,0,50,2,500,100,1200,800,2173,215,2388,76,0
4,1,100,0,1000,40,1200,800,736,215,914,122,0
4,1,100,0,1000,60,1200,800,1239,215,1454,182,0
4,1,100,0,1000,80,1200,800,1706,215,1921,244,0
4,1,100,0,1000,100,1200,800,2173,215,2388,307,0
4,1,100,1,750,40,1200,800,736,215,914,91,0
4,1,100,1,750,60,1200,800,1239,215,1454,136,0
4,1,100,1,750,80,1200,750,1706,215,1921,182,0
4,1,100,1,750,100,1200,800,2173,215,2388,230,0
4,1,100,2,500,40,1200,800,736,215,914,60,0
4,1,100,2,500,60,1200,800,1239,215,1454,91,0
4,1,100,2,500,80,1200,800,1706,215,1921,122,0
4,1,100,2,500,100,1200,800,2173,215,2388,153,0
4,1,75,0,1000,40,1200,800,736,215,914,91,0
4,1,75,0,1000,60,1200,800,1239,215,1454,136,0
4,1,75,0,1000,80,1200,800,1706,215,1921,182,0
4,1,75,0,1000,100,1200,800,2173,215,2388,230,0
4,1,75,1,750,40,1200,800,736,215,914,67,0
4,1,75,1,750,60,1200,800,1239,215,1454,100,0
4,1,75,1,750,80,1200,800,1706,215,1921,136,0
4,1,75,1,750,100,1200,800,2551,240,2388,201,0
4,1,75,2,500,40,1200,800,736,215,914,45,0
4,1,75,2,500,60,1200,800,1239,215,1454,67,0
4,1,75,2,500,80,1200,800,1706,215,1921,91,0
4,1,75,2,500,100,1200,800,2173,215,2388,115,0
4,1,50,0,1000,40,1200,800,736,215,914,60,0
4,1,50,0,1000,60,1200,800,1239,215,1454,91,0
4,1,50,0,1000,80,1200,800,1706,215,1921,122,0
4,1,50,0,1000,100,1200,800,2173,215,2388,153,0
4,1,50,1,750,40,1200,800,736,215,914,43,0
4,1,50,1,750,60,1200,800,1239,215,1454,67,0
4,1,50,1,750,80,1200,800,1706,215,1921,91,0
4,1,50,1,750,100,1200,800,2173,215,2388,115,0
4,1,50,2,500,40,1200,800,736,215,914,28,0
4,1,50,2,500,60,1200,800,1239,215,1454,45,0
4,1,50,2,500,80,1200,800,1706,215,1921,60,0
4,1,50,2,500,100,1200,800,2173,215,2388,76,0
4,2,100,0,1000,40,1200,800,736,215,914,122,0
4,2,100,0,1000,60,1200,800,1239,215,1454,182,0
4,2,100,0,1000,80,1200,800,1706,215,1921,244,0
4,2,100,0,1000,100,1200,800,2173,215,2388,307,0
4,2,100,1,750,40,1200,800,736,215,914,91,0
4,2,100,1,750,60,1200,800,1239,215,1454,136,0
4,2,100,1,750,80,1200,800,1706,215,1921,182,0
4,2,100,1,750,100,1200,800,2173,215,2388,230,0
4,2,100,2,500,40,1200,800,736,215,914,60,0
4,2,100,2,500,60,1200,800,1239,215,1454,91,0
4,2,100,2,500,80,1200,800,1706,215,1921,122,0
4,2,100,2,500,100,1200,800,2173,215,2388,153,0
4,2,75,0,1000,40,1200,800,736,215,914,91,0
4,2,75,0,1000,60,1200,800,1239,215,1454,136,0
4,2,75,0,1000,80,1200,800,1706,215,1921,182,0
4,2,75,0,1000,100,1200,800,2173,215,2388,230,0
4,2,75,1,750,40,1200,800,736,215,914,67,0
4,2,75,1,750,60,1200,800,1239,215,1454,100,0
4,2,75,1,750,80,1200,800,1706,215,1921,136,0
4,2,75,1,750,100,1200,800,2173,215,2388,172,0
4,2,75,2,500,40,1200,800,736,215,914,45,0
4,2,75,2,500,60,1200,800,1239,215,1454,67,0
4,2,75,2,500,80,1200,800,1706,215,1921,91,0
4,2,75,2,500,100,1200,800,2173,215,2388,115,0
4,2,50,0,1000,40,1200,800,736,215,914,60,0
4,2,50,0,1000,60,1200,800,1239,215,1454,91,0
4,2,50,0,1000,80,1200,800,1706,215,1921,122,0
4,2,50,0,1000,100,1200,800,2173,215,2388,153,0
4,2,50,1,750,40,1200,800,736,215,914,43,0
4,2,50,1,750,60,1200,800,1239,215,1454,67,0
4,2,50,1,750,80,1200,800,1706,215,1921,91,0
4,2,50,1,750,100,1200,800,2173,215,2388,115,0
4,2,50,2,500,40,1200,800,736,215,914,28,0
4,2,50,2,500,60,1200,800,1239,215,1454,45,0
4,2,50,2,500,80,1200,800,1706,215,1921,60,0
4,2,50,2,500,100,1200,800,2173,215,2388,76,0
4,3,100,0,1000,40,1200,800,736,215,914,122,0
4,3,100,0,1000,60,1200,800,1239,215,1454,182,0
4,3,100,0,1000,80,1200,800,1706,215,1921,244,0
4,3,100,0,1000,100,1200,800,2173,215,2388,307,0
4,3,100,1,750,40,1200,800,736,215,914,91,0
4,3,100,1,750,60,1200,800,1239,215,1454,136,0
4,3,100,1,750,80,1200,800,1706,215,1921,182,0
4,3,100,1,750,100,1200,800,2173,215,2388,230,0
4,3,100,2,500,40,1200,800,736,215,914,60,0
4,3,100,2,500,60,1200,800,1239,215,1454,91,0
4,3,100,2,500,80,1200,800,1706,215,1921,122,0
4,3,100,2,500,100,1200,800,2173,215,2388,153,0
4,3,75,0,1000,40,1200,800,736,215,914,91,0
4,3,75,0,1000,60,1200,800,1239,215,1454,136,0
4,3,75,0,1000,80,1200,800,1706,215,1921,182,0
4,3,75,0,1000,100,1200,800,2173,215,2388,230,0
4,3,75,1,750,40,1200,800,736,215,914,67,0
4,3,75,1,750,60,1200,800,1239,215,1454,100,0
4,3,75,1,750,80,1200,800,1706,215,1921,136,0
4,3,75,1,750,100,1200,800,2173,215,2388,172,0
4,3,75,2,500,40,1200,800,736,215,914,45,0
4,3,75,2,500,60,1200,800,1239,215,1454,67,0
4,3,75,2,500,80,1200,800,1706,215,1921,91,0
4,3,75,2,500,100,1200,800,2173,215,2388,115,0
4,3,50,0,1000,40,1200,800,736,215,914,60,0
4,3,50,0,1000,60,1200,800,1239,215,1454,91,0
4,3,50,0,1000,80,1200,800,1706,215,1921,122,0
4,3,50,0,1000,100,1200,800,2173,215,2388,153,0
4,3,50,1,750,40,1200,800,736,215,914,43,0
4,3,50,1,750,60,1200,800,1239,215,1454,67,0
4,3,50,1,750,80,1200,800,1706,215,1921,91,0
4,3,50,1,750,100,1200,800,2173,215,2388,115,0
4,3,50,2,500,40,1200,800,736,215,914,28,0
4,3,50,2,500,60,1200,800,1239,215,1454,45,0
4,3,50,2,500,80,1200,800,1706,215,1921,60,0
4,3,50,2,500,100,1400,750,2173,215,2388,76,0
5,0,100,0,1000,40,1400,850,864,240,1060,142,0
5,0,100,0,1000,60,1400,850,1455,240,1695,212,0
5,0,100,0,1000,80,1400,850,2003,240,2243,285,0
5,0,100,0,1000,100,1400,850,2551,240,2791,358,0
5,0,100,1,750,40,1400,850,864,240,1060,106,0
5,0,100,1,750,60,1400,850,1455,240,1695,159,0
5,0,100,1,750,80,1400,850,2003,240,2243,212,0
5,0,100,1,750,100,1400,850,2551,240,2791,268,0
5,0,100,2,500,40,1400,850,864,240,1060,70,0
5,0,100,2,500,60,1400,850,1455,240,1695,106,0
5,0,100,2,500,80,1400,850,2003,240,2243,142,0
5,0,100,2,500,100,1400,850,2551,240,2791,179,0
5,0,75,0,1000,40,1400,850,864,240,1060,106,0
5,0,75,0,1000,60,1400,850,1455,240,1695,159,0
5,0,75,0,1000,80,1400,850,2003,240,2243,212,0
5,0,75,0,1000,100,1400,850,2551,240,2791,268,0
5,0,75,1,750,40,1400,850,864,240,1060,78,0
5,0,75,1,750,60,1400,850,1455,240,1695,117,0
5,0,75,1,750,80,1400,850,2003,240,2243,159,0
5,0,75,1,750,100,1400,850,2551,240,2791,201,0
5,0,75,2,500,40,1400,850,864,240,1060,53,0
5,0,75,2,500,60,1400,850,1455,240,1695,78,0
5,0,75,2,500,80,1400,850,2003,240,2243,106,0
5,0,75,2,500,100,1400,850,2551,240,2791,134,0
5,0,50,0,1000,40,1400,850,864,240,1060,70,0
5,0,50,0,1000,60,1400,850,1455,240,1695,106,0
5,0,50,0,1000,80,1400,850,2003,240,2243,142,0
5,0,50,0,1000,100,1400,850,2551,240,2791,179,0
5,0,50,1,750,40,1400,850,864,240,1060,50,0
5,0,50,1,750,60,1400,850,1455,240,1695,78,0
5,0,50,1,750,80,1400,850,2003,240,2243,106,0
5,0,50,1,750,100,1400,850,2551,240,2791,134,0
5,0,50,2,500,40,1400,850,864,240,1060,33,0
5,0,50,2,500,60,1400,850,1455,240,1695,53,0
5,0,50,2,500,80,1400,850,2003,240,2243,70,0
5,0,50,2,500,100,1400,850,2551,240,2791,89,0
5,1,100,0,1000,40,1400,850,864,240,1060,142,0
5,1,100,0,1000,60,1400,850,1455,240,1695,212,0
5,1,100,0,1000,80,1400,850,2003,240,2243,285,0
5,1,100,0,1000,100,1400,850,2551,240,2791,358,0
5,1,100,1,750,40,1400,850,864,240,1060,106,0
5,1,100,1,750,60,1400,850,1455,240,1695,159,0
5,1,100,1,750,80,1400,850,2003,240,2243,212,0
5,1,100,1,750,100,1400,850,2551,240,2791,268,0
5,1,100,2,500,40,1400,850,864,240,1060,70,0
5,1,100,2,500,60,1400,850,1455,240,1695,106,0
5,1,100,2,500,80,1400,850,2003,240,2243,142,0
5,1,100,2,500,100,1400,850,2551,240,2791,179,0
5,1,75,0,1000,40,1400,850,864,240,1060,106,0
5,1,75,0,1000,60,1400,850,1455,240,1695,159,0
5,1,75,0,1000,80,1400,850,2003,240,2243,212,0
5,1,75,0,1000,100,1400,850,2551,240,2791,268,0
5,1,75,1,750,40,1400,850,864,240,1060,78,0
5,1,75,1,750,60,1400,850,1455,240,1695,117,0
5,1,75,1,750,80,1400,850,2003,240,2243,159,0
5,1,75,1,750,100,1400,850,2551,240,2791,201,0
5,1,75,2,500,40,1400,850,864,240,1060,53,0
5,1,75,2,500,60,1400,850,1455,240,1695,78,0
5,1,75,2,500,80,1400,850,2003,240,2243,106,0
5,1,75,2,500,100,1400,850,2551,240,2791,134,0
5,1,50,0,1000,40,1400,850,864,240,1060,70,0
5,1,50,0,1000,60,1400,850,1455,240,1695,106,0
5,1,50,0,1000,80,1400,850,2003,240,2243,142,0
5,1,50,0,1000,100,1400,850,2551,240,2791,179,0
5,1,50,1,750,40,1400,850,864,240,1060,50,0
5,1,50,1,750,60,1400,850,1455,240,1695,78,0
5,1,50,1,750,80,1400,850,2003,240,2243,106,0
5,1,50,1,750,100,1400,850,2551,240,2791,134,0
5,1,50,2,500,40,1400,850,864,240,1060,33,0
5,1,50,2,500,60,1400,850,1455,240,1695,53,0
5,1,50,2,500,80,1400,850,2003,240,2243,70,0
5,1,50,2,500,100,1400,850,2551,240,2791,89,0
5,2,100,0,1000,40,1400,850,864,240,1060,142,0
5,2,100,0,1000,60,1400,850,1455,240,1695,212,0
5,2,100,0,1000,80,1400,850,2003,240,2243,285,0
5,2,100,0,1000,100,1400,850,2551,240,2791,358,0
5,2,100,1,750,40,1400,850,864,240,1060,106,0
5,2,100,1,750,60,1400,850,1455,240,1695,159,0
5,2,100,1,750,80,1400,850,2003,240,2243,212,0
5,2,100,1,750,100,1400,850,2551,240,2791,268,0
5,2,100,2,500,40,1400,850,864,240,1060,70,0
5,2,100,2,500,60,1400,850,1455,240,1695,106,0
5,2,100,2,500,80,1400,850,2003,240,2243,142,0
5,2,100,2,500,100,1400,850,2551,240,2791,179,0
5,2,75,0,1000,40,1400,850,864,240,1060,106,0
5,2,75,0,1000,60,1400,850,1455,240,1695,159,0
5,2,75,0,1000,80,1400,850,2003,240,2243,212,0
5,2,75,0,1000,100,1400,850,2551,240,2791,268,0
5,2,75,1,750,40,1400,850,864,240,1060,78,0
5,2,75,1,750,60,1400,850,1455,240,1695,117,0
5,2,75,1,750,80,1400,850,2003,240,2243,159,0
5,2,75,1,750,100,1400,850,2551,240,2791,201,0
5,2,75,2,500,40,1400,850,864,240,1060,53,0
5,2,75,2,500,60,1400,850,1455,240,1695,78,0
5,2,75,2,500,80,1400,850,2003,240,2243,106,0
5,2,75,2,500,100,1400,850,2551,240,2791,134,0
5,2,50,0,1000,40,1400,850,864,240,1060,70,0
5,2,50,0,1000,60,1400,850,1455,240,1695,106,0
5,2,50,0,1000,80,1400,850,2003,240,2243,142,0
5,2,50,0,1000,100,1400,850,2551,240,2791,179,0
5,2,50,1,750,40,1400,800,864,240,1060,50,0
5,2,50,1,750,60,1400,850,1455,240,1695,78,0
5,2,50,1,750,80,1400,850,2003,240,2243,106,0
5,2,50,1,750,100,1400,850,2551,240,2791,134,0
5,2,50,2,500,40,1400,850,864,240,1060,33,0
5,2,50,2,500,60,1400,850,1455,240,1695,53,0
5,2,50,2,500,80,1400,850,2003,240,2243,70,0
5,2,50,2,500,100,1400,850,2551,240,2791,89,0
5,3,100,0,1000,40,1400,850,864,240,1060,142,0
5,3,100,0,1000,60,1400,850,1455,240,1695,212,0
5,3,100,0,1000,80,1400,850,2003,240,2243,285,0
5,3,100,0,1000,100,1400,850,2551,240,2791,358,0
5,3,100,1,750,40,1400,850,864,240,1060,106,0
5,3,100,1,750,60,1400,850,1455,240,1695,159,0
5,3,100,1,750,80,1400,850,2003,240,2243,212,0
5,3,100,1,750,100,1400,850,2551,240,2791,268,0
5,3,100,2,500,40,1400,850,864,240,1060,70,0
5,3,100,2,500,60,1400,850,1455,240,1695,106,0
5,3,100,2,500,80,1400,850,2003,240,2243,142,0
5,3,100,2,500,100,1400,850,2551,240,2791,179,0
5,3,75,0,1000,40,1400,850,864,240,1060,106,0
5,3,75,0,1000,60,1400,850,1455,240,1695,159,0
5,3,75,0,1000,80,1400,850,2003,240,2243,212,0
5,3,75,0,1000,100,1400,850,2551,240,2791,268,0
5,3,75,1,750,40,1400,850,864,240,1060,78,0
5,3,75,1,750,60,1400,850,1455,240,1695,117,0
5,3,75,1,750,80,1400,850,2003,240,2243,159,0
5,3,75,1,750,100,1400,850,2551,240,2791,201,0
5,3,75,2,500,40,1400,850,864,240,1060,53,0
5,3,75,2,500,60,1400,850,1455,240,1695,78,0
5,3,75,2,500,80,1400,850,2003,240,2243,106,0
5,3,75,2,500,100,1400,850,2551,240,2791,134,0
5,3,50,0,1000,40,1400,850,864,240,1060,70,0
5,3,50,0,1000,60,1400,850,1455,240,1695,106,0
5,3,50,0,1000,80,1400,850,2003,240,2243,142,0
5,3,50,0,1000,100,1400,850,2551,240,2791,179,0
5,3,50,1,750,40,1400,850,864,240,1060,50,0
5,3,50,1,750,60,1400,850,1455,240,1695,78,0
5,3,50,1,750,80,1400,850,2003,240,2243,106,0
5,3,50,1,750,100,1400,850,2551,240,3236,134,0
5,3,50,2,500,40,1400,850,864,240,1060,33,0
5,3,50,2,500,60,1400,850,1455,240,1695,53,0
5,3,50,2,500,80,1400,850,2003,240,2243,70,0
5,3,50,2,500,100,1400,850,2551,240,2791,89,0
6,0,100,0,1000,40,1600,880,1008,260,1217,163,0
6,0,100,0,1000,60,1600,880,1697,260,1957,243,0
6,0,100,0,1000,80,1600,880,2337,260,2597,326,0
6,0,100,0,1000,100,1600,880,2976,260,3236,409,0
6,0,100,1,750,40,1600,880,1008,260,1217,121,0
6,0,100,1,750,60,1600,880,1697,260,1957,182,0
6,0,100,1,750,80,1600,880,2337,260,2597,243,0
6,0,100,1,750,100,1600,880,2976,260,3236,307,0
6,0,100,2,500,40,1600,880,1008,260,1217,80,0
6,0,100,2,500,60,1600,880,1697,260,1957,121,0
6,0,100,2,500,80,1600,880,2337,260,2597,163,0
6,0,100,2,500,100,1600,880,2976,260,3236,204,0
6,0,75,0,1000,40,1600,880,1008,260,1217,121,0
6,0,75,0,1000,60,1600,880,1697,260,1957,182,0
6,0,75,0,1000,80,1600,880,2337,260,2597,243,0
6,0,75,0,1000,100,1600,880,2976,260,3236,307,0
6,0,75,1,750,40,1600,880,1008,260,1217,89,0
6,0,75,1,750,60,1600,880,1697,260,1957,134,0
6,0,75,1,750,80,1600,880,2337,260,2597,182,0
6,0,75,1,750,100,1600,880,2976,260,3236,230,0
6,0,75,2,500,40,1600,880,1008,260,1217,60,0
6,0,75,2,500,60,1600,880,1697,260,1957,89,0
6,0,75,2,500,80,1600,880,2337,260,2597,121,0
6,0,75,2,500,100,1600,880,2976,260,3236,153,0
6,0,50,0,1000,40,1600,880,1008,260,1217,80,0
6,0,50,0,1000,60,1600,880,1697,260,1957,121,0
6,0,50,0,1000,80,1600,880,2337,260,2597,163,0
6,0,50,0,1000,100,1600,880,2976,260,3236,204,0
6,0,50,1,750,40,1600,880,1008,260,1217,57,0
6,0,50,1,750,60,1600,880,1697,260,1957,89,0
6,0,50,1,750,80,1600,880,2337,260,2597,121,0
6,0,50,1,750,100,1600,880,2976,260,3236,153,0
6,0,50,2,500,40,1600,880,1008,260,1217,38,0
6,0,50,2,500,60,1600,880,1697,260,1957,60,0
6,0,50,2,500,80,1600,880,2337,260,2597,80,0
6,0,50,2,500,100,1600,880,2976,260,3236,102,0
6,1,100,0,1000,40,1600,880,1008,260,1217,163,0
6,1,100,0,1000,60,1600,880,1697,260,1957,243,0
6,1,100,0,1000,80,1600,880,2337,260,2597,326,0
6,1,100,0,1000,100,1600,880,2976,260,3236,409,0
6,1,100,1,750,40,1600,880,1008,260,1217,121,0
6,1,100,1,750,60,1600,880,1697,260,1957,182,0
6,1,100,1,750,80,1600,880,2337,260,2597,243,0
6,1,100,1,750,100,1600,880,2976,260,3236,307,0
6,1,100,2,500,40,1600,880,1008,260,1217,80,0
6,1,100,2,500,60,1600,880,1697,260,1957,121,0
6,1,100,2,500,80,1600,880,2337,260,2597,163,0
6,1,100,2,500,100,1600,880,2976,260,3236,204,0
6,1,75,0,1000,40,1600,880,1008,260,1217,121,0
6,1,75,0,1000,60,1600,880,1697,260,1957,182,0
6,1,75,0,1000,80,1600,880,2337,260,2597,243,0
6,1,75,0,1000,100,1600,880,2976,260,3236,307,0
6,1,75,1,750,40,1600,880,1008,260,1217,89,0
6,1,75,1,750,60,1600,880,1697,260,1957,134,0
6,1,75,1,750,80,1600,880,2337,260,2597,182,0
6,1,75,1,750,100,1600,880,2976,260,3236,230,0
6,1,75,2,500,40,1600,880,1008,260,1217,60,0
6,1,75,2,500,60,1600,850,1697,260,1957,89,0
6,1,75,2,500,80,1600,880,2337,260,2597,121,0
6,1,75,2,500,100,1600,880,2976,260,3236,153,0
6,1,50,0,1000,40,1600,880,1008,260,1217,80,0
6,1,50,0,1000,60,1600,880,1697,260,1957,121,0
6,1,50,0,1000,80,1600,880,2337,260,2597,163,0
6,1,50,0,1000,100,1600,880,2976,260,3236,204,0
6,1,50,1,750,40,1600,880,1008,260,1217,57,0
6,1,50,1,750,60,1600,880,1697,260,1957,89,0
6,1,50,1,750,80,1600,880,2337,260,2597,121,0
6,1,50,1,750,100,1600,880,2976,260,3236,153,0
6,1,50,2,500,40,1600,880,1008,260,1217,38,0
6,1,50,2,500,60,1600,880,1697,260,1957,60,0
6,1,50,2,500,80,1600,880,2337,260,2597,80,0
6,1,50,2,500,100,1600,880,2976,260,3236,102,0
6,2,100,0,1000,40,1600,880,1008,260,1217,163,0
6,2,100,0,1000,60,1600,880,1697,260,1957,243,0
6,2,100,0,1000,80,1600,880,2337,260,2597,326,0
6,2,100,0,1000,100,1600,880,2976,260,3236,409,0
6,2,100,1,750,40,1600,880,1008,260,1217,121,0
6,2,100,1,750,60,1600,880,1697,260,1957,182,0
6,2,100,1,750,80,1600,880,2337,260,2597,243,0
6,2,100,1,750,100,1600,880,2976,260,3236,307,0
6,2,100,2,500,40,1600,880,1008,260,1217,80,0
6,2,100,2,500,60,1600,880,1697,260,1957,121,0
6,2,100,2,500,80,1600,880,2337,260,2597,163,0
6,2,100,2,500,100,1600,880,2976,260,3236,204,0
6,2,75,0,1000,40,1600,880,1008,260,1217,121,0
6,2,75,0,1000,60,1600,880,1697,260,1957,182,0
6,2,75,0,1000,80,1600,880,2337,260,2597,243,0
6,2,75,0,1000,100,1600,880,2976,260,3236,307,0
6,2,75,1,750,40,1600,880,1008,260,1217,89,0
6,2,75,1,750,60,1600,880,1697,260,1957,134,0
6,2,75,1,750,80,1600,880,2337,260,2597,182,0
6,2,75,1,750,100,1600,880,2976,260,3236,230,0
6,2,75,2,500,40,1600,880,1008,260,1217,60,0
6,2,75,2,500,60,1600,880,1697,260,1957,89,0
6,2,75,2,500,80,1600,880,2337,260,2597,121,0
6,2,75,2,500,100,1600,880,2976,260,3236,153,0
6,2,50,0,1000,40,1600,880,1008,260,1217,80,0
6,2,50,0,1000,60,1600,880,1697,260,1957,121,0
6,2,50,0,1000,80,1600,880,2337,260,2597,163,0
6,2,50,0,1000,100,1600,880,2976,260,3236,204,0
6,2,50,1,750,40,1600,880,1008,260,1217,57,0
6,2,50,1,750,60,1600,880,1697,260,1957,89,0
6,2,50,1,750,80,1600,880,2337,260,2597,121,0
6,2,50,1,750,100,1600,880,2976,260,3236,153,0
6,2,50,2,500,40,1600,880,1008,260,1217,38,0
6,2,50,2,500,60,1600,880,1697,260,1957,60,0
6,2,50,2,500,80,1600,880,2337,260,2597,80,0
6,2,50,2,500,100,1600,880,2976,260,3236,102,0
6,3,100,0,1000,40,1600,880,1008,260,1217,163,0
6,3,100,0,1000,60,1600,880,1697,260,1957,243,0
6,3,100,0,1000,80,1600,880,2337,260,2597,326,0
6,3,100,0,1000,100,1600,880,2976,260,3236,409,0
6,3,100,1,750,40,1600,880,1008,260,1217,121,0
6,3,100,1,750,60,1600,880,1697,260,1957,182,0
6,3,100,1,750,80,1600,880,2337,260,2597,243,0
6,3,100,1,750,100,1600,880,2976,260,3236,307,0
6,3,100,2,500,40,1600,880,1008,260,1217,80,0
6,3,100,2,500,60,1600,880,1697,260,1957,121,0
6,3,100,2,500,80,1600,880,2337,260,2597,163,0
6,3,100,2,500,100,1600,880,2976,260,3236,204,0
6,3,75,0,1000,40,1600,880,1008,260,1217,121,0
6,3,75,0,1000,60,1600,880,1697,260,1957,182,0
6,3,75,0,1000,80,1600,880,2337,260,2597,243,0
6,3,75,0,1000,100,1600,880,2976,260,3236,307,0
6,3,75,1,750,40,1600,880,1008,260,1217,89,0
6,3,75,1,750,60,1600,880,1697,260,1957,134,0
6,3,75,1,750,80,1600,880,2337,260,2597,182,0
6,3,75,1,750,100,1600,880,2976,260,3236,230,0
6,3,75,2,500,40,1600,880,1008,260,1217,60,0
6,3,75,2,500,60,1600,880,1697,260,1957,89,0
6,3,75,2,500,80,1600,880,2337,260,2597,121,0
6,3,75,2,500,100,1600,880,2976,260,3236,153,0
6,3,50,0,1000,40,1600,880,1008,260,1217,80,0
6,3,50,0,1000,60,1600,880,1697,260,1957,121,0
6,3,50,0,1000,80,1600,880,2337,260,2597,163,0
6,3,50,0,1000,100,1600,880,2976,260,3236,204,0
6,3,50,1,750,40,1600,880,1008,260,1217,57,0
6,3,50,1,750,60,1600,880,1697,260,1957,89,0
6,3,50,1,750,80,1600,880,2337,260,2597,121,0
6,3,50,1,750,100,1600,880,2976,260,3236,153,0
6,3,50,2,500,40,1600,880,1008,260,1217,38,0
6,3,50,2,500,60,1600,880,1697,260,1957,60,0
6,3,50,2,500,80,1600,880,2337,260,2597,80,0
6,3,50,2,500,100,1600,880,2976,260,3236,102,0
